k,P,z,run_label,avg_r2_oos,avg_sharpe,avg_subspace_stability,avg_max_principal_angle,avg_mean_principal_angle,avg_geodesic_accel,avg_erank,avg_erank_collapse,avg_spectral_gap
4,1024,0.0,FM-P2,-0.057523,0.049676,0.501935,0.321358,0.147408,0.082284,3.602775,0.0,0.312215
4,1024,10.0,FM-P1,-0.032137,-0.00245,0.961432,0.552517,0.316732,0.124789,3.946938,0.0,0.671953
4,1024,20.0,Run3,-0.028626,0.205029,1.207916,0.665261,0.42008,0.19535,3.949825,0.0,0.682406
4,4096,10.0,Run9,-0.027108,0.211538,0.593157,0.391503,0.168522,0.127227,3.881321,0.0,0.543416
4,4096,50.0,Run9,-0.027463,0.113861,0.856288,0.518116,0.264662,0.105035,3.949071,0.0,0.67816
4,6000,10.0,Run10,-0.028504,0.010354,0.524492,0.352125,0.143072,0.126873,3.843715,0.0,0.491794
4,6000,50.0,Run10,-0.027374,0.120517,0.791126,0.481138,0.242027,0.098668,3.943781,0.0,0.662293
8,1024,0.0,Run11a,-0.043253,0.173987,0.432091,0.290397,0.068076,0.094777,6.483162,0.004789,0.123801
8,1024,10.0,FM-P1,-0.026703,0.120192,0.89528,0.565139,0.17255,0.206174,7.630822,0.0,0.388038
8,1024,20.0,Run11a,-0.026424,0.076923,1.10693,0.651555,0.22593,0.157386,7.761711,0.0,0.484364
8,1024,50.0,Run11a,-0.025459,0.107487,1.305106,0.756775,0.275683,0.187245,7.794596,0.0,0.521718
12,64,20.0,FM-P3,-0.034262,0.007411,1.660466,1.036287,0.28464,0.349561,10.472384,0.014368,0.206443
12,256,20.0,FM-P3,-0.029229,0.183099,1.68812,0.941911,0.29878,0.234035,11.249499,0.0,0.332819
12,1024,0.0,FM-P2,-0.044374,0.313679,0.337306,0.229493,0.035564,0.081672,8.577195,0.021073,0.041272
12,1024,1.0,Run2,-0.025695,0.128234,0.702229,0.476902,0.087819,0.087755,10.190136,0.0,0.125995
12,1024,5.0,Run2,-0.025263,0.136353,1.091539,0.697246,0.162069,0.119769,11.261268,0.0,0.307757
12,1024,10.0,FM-P1,-0.025357,0.129996,0.847524,0.572671,0.112081,0.213029,10.586817,0.0,0.162534
12,1024,20.0,Run3,-0.024179,0.199393,1.489824,0.900135,0.232489,0.125496,11.474806,0.0,0.410738
12,1024,100.0,Run2,-0.023507,0.228131,1.680029,1.077929,0.271522,0.182214,11.453914,0.0,0.416803
12,4096,10.0,Run9,-0.022933,0.294711,0.491962,0.340979,0.050507,0.118691,9.6059,0.0,0.079133
12,4096,20.0,FM-P3,-0.022644,0.308123,0.646394,0.453941,0.069367,0.159356,10.046629,0.0,0.109725
12,4096,50.0,Run9,-0.021891,0.367559,0.933676,0.64359,0.118883,0.255045,10.887519,0.0,0.209363
12,6000,10.0,Run10,-0.022906,0.244982,0.423416,0.292642,0.042214,0.104675,9.435292,0.0,0.072106
12,6000,50.0,Run10,-0.022788,0.172737,0.809749,0.571567,0.093597,0.208873,10.479952,0.0,0.151985
12,8000,0.0,Run12,-0.040362,0.21252,0.126478,0.087179,0.010944,0.032692,8.560354,0.05364,0.04294
12,8000,10.0,Run12,-0.023201,0.200562,0.37682,0.260259,0.036777,0.091061,9.450363,0.0,0.068078
12,8000,50.0,Run14,-0.02251,0.276459,0.724941,0.512187,0.078804,0.184396,10.217573,0.0,0.125581
12,8000,100.0,Run14,-0.022389,0.284311,0.955788,0.663906,0.120878,0.268483,10.919813,0.0,0.215149
12,10000,10.0,P5,-0.02291,0.24576,0.344982,0.238021,0.033255,0.083838,9.393337,0.0,0.066872
12,10000,50.0,P5,-0.022866,0.128543,0.66383,0.469321,0.069091,0.164702,10.033953,0.0,0.107022
16,1024,0.0,Run11a,-0.054048,0.145245,0.265427,0.182086,0.020536,0.064722,10.040398,0.056513,0.013109
16,1024,10.0,FM-P1,-0.024376,0.196834,0.826871,0.574712,0.082933,0.211006,12.790683,0.0,0.058053
16,1024,20.0,Run11a,-0.023861,0.224426,1.09735,0.748039,0.124745,0.301335,13.867329,0.002874,0.120313
16,1024,50.0,Run11a,-0.02325,0.251982,1.499874,0.957369,0.184581,0.233587,14.646912,0.007663,0.254532
16,8000,0.0,Run12,-0.049475,0.172739,0.097288,0.067281,0.006244,0.022361,10.129745,0.068008,0.013498
16,8000,10.0,Run12,-0.022934,0.273638,0.369896,0.256053,0.027666,0.095828,11.277965,0.0,0.023356
16,8000,50.0,Run14,-0.022728,0.195564,0.721776,0.516585,0.059128,0.1873,12.266635,0.0,0.04111
16,8000,100.0,Run14,-0.021737,0.303832,0.953069,0.685967,0.090897,0.271378,13.301521,0.0,0.080438
20,64,10.0,P4,-0.044229,0.010782,1.783927,1.247191,0.200996,0.219583,15.049229,0.037356,0.067803
20,64,20.0,P4,-0.035013,0.021905,1.665197,1.256284,0.170011,0.189981,15.015049,0.04023,0.068338
20,256,10.0,P3,-0.026625,0.353844,1.452163,0.925255,0.163013,0.323284,16.416778,0.018199,0.078951
20,256,20.0,P3,-0.02571,0.365262,1.680735,1.135109,0.181531,0.209952,16.722529,0.021073,0.129004
20,1024,0.0,P1,-0.062048,0.066957,0.209131,0.144229,0.012501,0.048356,11.34233,0.113985,0.003359
20,1024,10.0,P1,-0.024109,0.164875,0.810276,0.570239,0.065377,0.224385,14.315117,0.011494,0.013877
20,1024,20.0,P1,-0.023219,0.252234,1.081773,0.763523,0.099313,0.315062,15.688174,0.014368,0.03125
20,1024,50.0,P1,-0.022514,0.308342,1.512034,1.036862,0.153518,0.380929,17.025544,0.017241,0.112324
20,4096,0.0,P2,-0.06028,0.22376,0.107135,0.074385,0.00556,0.024459,11.378157,0.10249,0.003429
20,4096,10.0,P2,-0.022864,0.261465,0.473367,0.330264,0.03023,0.128756,12.888355,0.003831,0.005968
20,4096,20.0,P2,-0.022018,0.32734,0.635923,0.450959,0.042126,0.166965,13.467045,0.004789,0.008386
20,4096,50.0,Run6,-0.025457,0.428213,1.390612,1.267997,0.092826,0.073419,9.874499,0.482407,0.0
20,4096,100.0,Run6,-0.025342,0.432275,1.41294,1.458871,0.083848,0.020042,9.85688,0.487037,0.0
20,6000,0.0,Run11b,-0.062825,0.084933,0.089372,0.062058,0.004535,0.022135,11.256407,0.083333,0.003227
20,6000,10.0,Run11b,-0.022391,0.29653,0.411029,0.286152,0.025358,0.113614,12.683253,0.000958,0.005478
20,6000,20.0,Run11b,-0.022222,0.266937,0.550187,0.387583,0.034801,0.149173,13.130887,0.001916,0.007162
20,8000,0.0,Run13,-0.062689,0.044308,0.077712,0.053978,0.00389,0.021497,11.296383,0.103448,0.00343
20,8000,10.0,Run13,-0.023129,0.222971,0.365007,0.253381,0.022174,0.095427,12.690983,0.000958,0.005371
20,10000,50.0,Run15,-0.02251,0.276459,0.724941,0.512187,0.078804,0.184396,10.217573,0.0,0.125581
20,10000,100.0,Run15,-0.022389,0.284311,0.955788,0.663906,0.120878,0.268483,10.919813,0.0,0.215149
24,64,20.0,Run4,-0.034993,0.029264,1.419981,1.438387,0.083558,0.033678,16.232313,0.068966,0.027958
24,256,20.0,Run4,-0.025566,0.322742,1.43138,1.48998,0.079834,0.027295,18.1728,0.045019,0.066218
24,1024,0.0,FM-P2,-0.080605,-0.010521,0.165082,0.114385,0.007913,0.044547,12.097213,0.321839,0.000207
24,1024,10.0,FM-P4,-0.023974,0.194859,0.793383,0.563208,0.053014,0.218927,15.338561,0.02682,0.00066
24,1024,20.0,Run4,-0.022553,0.292026,1.53388,1.20123,0.116747,0.1468,18.654884,0.036398,0.038813
24,1024,50.0,FM-P4,-0.022406,0.29051,1.459212,1.086179,0.119945,0.38183,18.254694,0.037356,0.013107
24,4096,10.0,FM-P4,-0.022335,0.314774,0.464108,0.324031,0.024877,0.124081,13.944141,0.022031,0.000346
24,4096,20.0,Run4,-0.021038,0.425746,1.168918,0.865519,0.087508,0.131056,17.809959,0.028736,0.00313
24,4096,50.0,FM-P4,-0.021522,0.35028,0.9205,0.676513,0.058936,0.261199,15.878763,0.02682,0.000771
24,4096,100.0,Run6,-0.025335,0.433658,1.410176,1.453405,0.068983,0.017149,9.855667,1.0,0.0
24,6000,10.0,Run10,-0.022725,0.300964,0.403754,0.280785,0.021096,0.113135,13.719406,0.019157,0.000289
24,6000,50.0,Run10,-0.022005,0.265871,0.798783,0.581124,0.046475,0.215914,15.123737,0.023946,0.000606
24,8000,0.0,Run12,-0.073184,0.255498,0.059026,0.041117,0.002402,0.015892,11.969841,0.380268,0.000161
24,8000,10.0,Run12,-0.022089,0.328677,0.360324,0.2498,0.018497,0.101114,13.630097,0.02682,0.000298
24,8000,50.0,Run14,-0.022132,0.243305,0.713623,0.514599,0.039375,0.194111,14.651303,0.023946,0.000439
24,8000,100.0,Run14,-0.02154,0.308345,0.945758,0.700001,0.059796,0.273874,15.940382,0.027778,0.000967
28,1024,0.0,Run5,-0.176347,-0.032572,0.124225,0.086697,0.004288,0.036144,7.99168,1.0,0.0
28,1024,10.0,Run5,-0.029199,0.236002,1.314867,1.120466,0.06485,0.091851,9.832119,1.0,0.0
28,6000,0.0,Run11b,-0.103037,0.12219,0.051709,0.036082,0.001777,0.012962,12.652044,0.883142,1.004e-19
28,6000,10.0,Run11b,-0.022888,0.23365,0.39871,0.277577,0.017927,0.107615,14.390327,0.243295,1.211e-19
28,6000,20.0,Run11b,-0.022153,0.287607,0.545588,0.385334,0.02488,0.158572,14.75355,0.149425,1.142e-19
28,8000,0.0,Run13,-0.097559,-0.005863,0.045647,0.03188,0.001546,0.011913,12.628636,0.850575,8.743e-20
28,8000,10.0,Run13,-0.022291,0.309833,0.358857,0.24952,0.015868,0.097324,14.288102,0.279693,8.736e-20
28,10000,50.0,Run15,-0.022728,0.195564,0.721776,0.516585,0.059128,0.1873,12.266635,0.0,0.04111
28,10000,100.0,Run15,-0.021737,0.303832,0.953069,0.685967,0.090897,0.271378,13.301521,0.0,0.080438
32,1024,0.0,Run5,-0.245029,0.060255,0.092439,0.064689,0.002693,0.026888,8.060311,1.0,0.0
32,1024,10.0,Run5,-0.029209,0.234576,1.308373,1.117502,0.055888,0.09032,9.833184,1.0,0.0
32,6000,0.0,Run11b,-0.13151,0.00864,0.036884,0.025825,0.001068,0.011559,13.09706,0.996169,0.0
32,6000,10.0,Run11b,-0.022943,0.164853,0.395726,0.275572,0.015578,0.115179,14.977114,0.936782,0.0
32,6000,20.0,Run11b,-0.02213,0.230603,0.543139,0.384319,0.021683,0.160145,15.288557,0.814176,0.0
