beta_norm_mean,Market Sharpe Ratio,Expected Return,Volatility,R2,SR,IR,Alpha,Precision,Recall,Accuracy,feature_complexity_ratio,param_complexity_ratio,n_params,hidden_size,train_window,num_layers,dropout,seq_len
8.186998572278151,0.6361514499216312,0.6827064112532811,3.7487385366723096,-0.9023759275760967,0.1821163051449589,0.1707143239660931,0.0533302804178045,0.6079632465543645,0.6117103235747303,0.5347985347985348,1.1666666666666667,514.75,6177,32,12,1,0.1,12
10.534521483091778,0.6361514499216312,0.6901899795266921,3.770956806449631,-0.9073915976588816,0.1830278136164886,0.1730436497040155,0.0543783440553535,0.6110260336906586,0.6147919876733436,0.5384615384615384,1.1666666666666667,1712.0833333333333,20545,64,12,1,0.1,12
14.123882484433334,0.6361514499216312,0.6764070093620832,3.7762198715370503,-0.9063929827999702,0.1791227821400035,0.1709735138586665,0.0538027983783009,0.6123076923076923,0.613251155624037,0.5393772893772893,1.1666666666666667,6154.75,73857,128,12,1,0.1,12
9.402547801986636,0.6724513096819877,0.3804579997997449,3.279993159516041,-0.6783379201501323,0.1159935345279442,0.0346953465531613,0.0094833749467839,0.5918674698795181,0.6140625,0.5149812734082397,0.3888888888888889,171.58333333333334,6177,32,36,1,0.1,12
12.562272961340495,0.6724513096819877,0.3149227799996428,4.098124246941575,-1.1112785582113154,0.0768455910614885,0.0070586152273593,0.0024105901844227,0.603448275862069,0.6015625,0.5243445692883895,0.3888888888888889,570.6944444444445,20545,64,36,1,0.1,12
16.9059630497021,0.6724513096819877,0.2565775689300174,4.504368379479746,-1.4233476374753111,0.0569619416784139,0.0086324540326065,0.0032403127484821,0.6039279869067103,0.5765625,0.5196629213483146,0.3888888888888889,2051.5833333333335,73857,128,36,1,0.1,12
9.484101731864078,0.6781657446624462,0.6591828627936027,2.6745026342781473,-0.377011314665322,0.246469326425441,0.1130627907001946,0.0251988942972091,0.6011994002998501,0.6385350318471338,0.5277777777777778,0.2333333333333333,102.95,6177,32,60,1,0.1,12
12.783326700980115,0.6781657446624462,0.615669485003098,3.3827951908415717,-0.6524735170628753,0.1820002247460721,0.0851100361744203,0.0239924850885984,0.6198473282442748,0.6464968152866242,0.5488505747126436,0.2333333333333333,342.4166666666667,20545,64,60,1,0.1,12
17.66839986692222,0.6781657446624462,0.2660569775153018,3.8845265575676367,-0.9867992931056536,0.0684914811554018,0.0059977454889848,0.001941533469791,0.5993640699523053,0.6003184713375797,0.5181992337164751,0.2333333333333333,1230.95,73857,128,60,1,0.1,12
12.571087779830618,0.6361514499216312,0.6806549734134048,3.852823411261866,-0.9595291611369828,0.1766639424542114,0.1673008605840122,0.0537150560318616,0.6120556414219475,0.6101694915254238,0.5384615384615384,1.1666666666666667,1218.75,14625,32,12,2,0.1,12
16.970709783527354,0.6361514499216312,0.6816332773323898,3.850466872028467,-0.9567887156792748,0.1770261373455988,0.1684698658797009,0.0540573031254056,0.6117103235747303,0.6117103235747303,0.5384615384615384,1.1666666666666667,4485.416666666667,53825,64,12,2,0.1,12
23.445165351439805,0.6361514499216312,0.681351167647471,3.852626585301831,-0.9574134209034224,0.1768536743859101,0.1685094133920616,0.0541003204923227,0.6123076923076923,0.613251155624037,0.5393772893772893,1.1666666666666667,17162.75,205953,128,12,2,0.1,12
13.598247982976522,0.6724513096819877,0.432027771750831,3.354555842263185,-0.711449881393913,0.1287883678392902,0.0655146270061137,0.0183143728980876,0.6032689450222882,0.634375,0.5308988764044944,0.3888888888888889,406.25,14625,32,36,2,0.1,12
18.680502224160755,0.6724513096819877,0.2810119122535985,4.073779252805781,-1.0768873266641965,0.0689806429889528,0.0002602543645075,8.835156921525866e-05,0.5909090909090909,0.5890625,0.5093632958801498,0.3888888888888889,1495.138888888889,53825,64,36,2,0.1,12
26.06607556639537,0.6724513096819877,0.0774994865633217,4.528727251231356,-1.3579438478870092,0.0171128624587072,-0.0263591796356516,-0.0099477945946732,0.5909090909090909,0.56875,0.5056179775280899,0.3888888888888889,5720.916666666667,205953,128,36,2,0.1,12
13.806324059307734,0.6781657446624462,0.7429310526224217,2.95403589388124,-0.4675704912911314,0.251496961889079,0.1462815463979726,0.0360100782226721,0.6103896103896104,0.6735668789808917,0.5450191570881227,0.2333333333333333,243.75,14625,32,60,2,0.1,12
19.201228227870335,0.6781657446624462,0.4869962148117502,3.4274337108727484,-0.7005077186689845,0.1420877122340444,0.0540684323548987,0.0154429973122685,0.6033950617283951,0.6226114649681529,0.5268199233716475,0.2333333333333333,897.0833333333334,53825,64,60,2,0.1,12
27.308123939417293,0.6781657446624462,0.5393310915404944,3.816386391158416,-0.9524897632489308,0.1413198340686848,0.0935682320052066,0.0297577106057853,0.598705501618123,0.589171974522293,0.5153256704980843,0.2333333333333333,3432.55,205953,128,60,2,0.1,12
18.480103350895533,0.6361514499216312,0.6826453206734965,3.861160821628648,-0.9658012052913096,0.1767979507223827,0.1683826820619821,0.0541793845848731,0.6111111111111112,0.6101694915254238,0.5375457875457875,1.1666666666666667,2626.75,31521,32,12,4,0.1,12
25.372374424610577,0.6361514499216312,0.6864583900118122,3.8652044907151137,-0.9650954616763856,0.1775995013099057,0.1689781314701133,0.0544279193825775,0.613251155624037,0.613251155624037,0.5402930402930403,1.1666666666666667,10032.083333333334,120385,64,12,4,0.1,12
35.35880142535986,0.6361514499216312,0.6906927550266078,3.8611647439868366,-0.9624068531998607,0.1788819697740828,0.1702586231478993,0.0547830494215341,0.6117103235747303,0.6117103235747303,0.5384615384615384,1.1666666666666667,39178.75,470145,128,12,4,0.1,12
19.30428302091095,0.6724513096819877,0.7133081812687782,3.0251800674781264,-0.4618726944865903,0.2357903216860117,0.177793603368529,0.0448214720862988,0.6251830161054173,0.6671875,0.5608614232209738,0.3888888888888889,875.5833333333334,31521,32,36,4,0.1,12
26.6288253063999,0.6724513096819877,0.4744719151498185,3.5787768604479684,-0.6809292685939898,0.1325793514520565,0.1021935086949476,0.0304773136837889,0.6119186046511628,0.6578125,0.5449438202247191,0.3888888888888889,3344.027777777778,120385,64,36,4,0.1,12
37.20052702948439,0.6724513096819877,0.4896115137396662,3.941660599098924,-0.8916304410003353,0.1242145287322792,0.0938384588477289,0.0308232796600215,0.6005961251862891,0.6296875,0.5271535580524345,0.3888888888888889,13059.583333333334,470145,128,36,4,0.1,12
19.46551629404452,0.6781657446624462,0.7146043285213837,2.674615202736341,-0.3770600448634722,0.2671802387836154,0.1491304809720748,0.0332388876332744,0.604075691411936,0.660828025477707,0.5354406130268199,0.2333333333333333,525.35,31521,32,60,4,0.1,12
26.916620690799565,0.6781657446624462,0.5252193206458751,3.078237835535711,-0.52178724080244,0.1706233724316725,0.0921047095079431,0.0236266834698646,0.5956834532374101,0.6592356687898089,0.5258620689655172,0.2333333333333333,2006.4166666666667,120385,64,60,4,0.1,12
37.86392769032731,0.6781657446624462,0.5773673820664861,3.3733750455714633,-0.6181560146623173,0.1711542221860118,0.1006363914903594,0.0282903576441615,0.6008836524300442,0.6496815286624203,0.5296934865900383,0.2333333333333333,7835.75,470145,128,60,4,0.1,12
26.57730233174132,0.6361514499216312,0.6816869864297959,3.8648528215052433,-0.966075390378932,0.1763810985599962,0.1679648252833799,0.0540966107425088,0.6113671274961597,0.613251155624037,0.5384615384615384,1.1666666666666667,5442.75,65313,32,12,8,0.1,12
36.75449718277692,0.6361514499216312,0.6918227857170208,3.859830526767624,-0.9625639745682212,0.1792365703414395,0.1707983966107321,0.0549377387634223,0.613251155624037,0.613251155624037,0.5402930402930403,1.1666666666666667,21125.416666666668,253505,64,12,8,0.1,12
51.39907895735273,0.6361514499216312,0.6838162163589461,3.857072604617524,-0.9624940782607284,0.1772889147952025,0.1688395233108742,0.0542688583282545,0.6126543209876543,0.6117103235747303,0.5393772893772893,1.1666666666666667,83210.75,998529,128,12,8,0.1,12
27.698942682584203,0.6724513096819877,0.9682311471335484,2.354637708212801,-0.2181499863430636,0.4112017503824177,0.2376739954011442,0.0466363459860941,0.6181318681318682,0.703125,0.5617977528089888,0.3888888888888889,1814.25,65313,32,36,8,0.1,12
38.13524181929997,0.6724513096819877,0.8712559713659591,2.38256061017425,-0.2660483541114058,0.3656805067814158,0.2353868875965084,0.0467352938782462,0.6154929577464788,0.6828125,0.5543071161048689,0.3888888888888889,7041.805555555556,253505,64,36,8,0.1,12
53.19408332931776,0.6724513096819877,0.8328542374365417,2.427978690287274,-0.2989743436671932,0.3430237014716138,0.2244139088635268,0.0454060157103927,0.6198347107438017,0.703125,0.5636704119850188,0.3888888888888889,27736.916666666668,998529,128,36,8,0.1,12
28.03761272119798,0.6781657446624462,0.6683930843877697,2.0822883394921887,-0.2087244991390597,0.3209896879846966,0.1053929662090584,0.0182882120501347,0.5963431786216596,0.6751592356687898,0.5296934865900383,0.2333333333333333,1088.55,65313,32,60,8,0.1,12
38.454200705950086,0.6781657446624462,0.7641757879830771,2.231934174112306,-0.2397923411378737,0.3423827623800814,0.1136767601814369,0.0211432538209431,0.6063100137174211,0.7038216560509554,0.5469348659003831,0.2333333333333333,4225.083333333333,253505,64,60,8,0.1,12
53.660871969029294,0.6781657446624462,0.7383017174027098,2.2150194927172184,-0.2410746511846315,0.3333161264856487,0.0944796829107738,0.0174395282760921,0.5984251968503937,0.7261146496815286,0.5421455938697318,0.2333333333333333,16642.15,998529,128,60,8,0.1,12
8.188328749360524,0.6361514499216312,0.6692386485065542,3.7627178772572103,-0.9041801865478376,0.1778604376776682,0.167272534541529,0.0524499463411279,0.6107692307692307,0.6117103235747303,0.5375457875457875,1.1666666666666667,514.75,6177,32,12,1,0.25,12
10.53668687730766,0.6361514499216312,0.6853643205998996,3.763889967444012,-0.905508741120508,0.1820893614127933,0.1711119553195265,0.0536705476614078,0.6105100463678517,0.6086286594761171,0.5366300366300366,1.1666666666666667,1712.0833333333333,20545,64,12,1,0.25,12
14.1247307675038,0.6361514499216312,0.686484633822263,3.770621773167584,-0.9052122171937512,0.1820613880467698,0.1725111720366532,0.0542061984496719,0.6107692307692307,0.6117103235747303,0.5375457875457875,1.1666666666666667,6154.75,73857,128,12,1,0.25,12
9.419727881990427,0.6724513096819877,0.3808256447807736,3.3055479524689155,-0.6834239678275926,0.1152080230741577,0.0551492681038765,0.0151915458550773,0.6026986506746627,0.628125,0.5290262172284644,0.3888888888888889,171.58333333333334,6177,32,36,1,0.25,12
12.566464349543104,0.6724513096819877,0.4581399752334697,4.0348542579205855,-1.0538586959615976,0.1135456068417148,0.0532145769844205,0.0178927552107526,0.604133545310016,0.59375,0.5234082397003745,0.3888888888888889,570.6944444444445,20545,64,36,1,0.25,12
16.9009218779702,0.6724513096819877,0.3391815232772033,4.608179797620166,-1.4161026516819462,0.0736042294730707,0.033973704748526,0.0130464116560391,0.6016260162601627,0.578125,0.5177902621722846,0.3888888888888889,2051.5833333333335,73857,128,36,1,0.25,12
9.47569319945412,0.6781657446624462,0.6102201995516112,2.636508277772924,-0.3859617542843618,0.2314501360363899,0.0966027445681477,0.0212244946424587,0.6034985422740525,0.6592356687898089,0.5344827586206896,0.2333333333333333,102.95,6177,32,60,1,0.25,12
12.779142837610172,0.6781657446624462,0.6014724638669716,3.2613033144902013,-0.6350525224285857,0.1844270237590557,0.0807751196738756,0.0219526804600627,0.6021505376344086,0.6242038216560509,0.5258620689655172,0.2333333333333333,342.4166666666667,20545,64,60,1,0.25,12
17.656319935407343,0.6781657446624462,0.3275531716081548,3.8366942654641942,-0.9707462209085184,0.0853738007108379,0.0098721154694615,0.0031563574008069,0.6035598705501618,0.5939490445859873,0.5210727969348659,0.2333333333333333,1230.95,73857,128,60,1,0.25,12
12.56727715016662,0.6361514499216312,0.6844460645435968,3.8720183817846703,-0.96880970431823,0.1767672560036054,0.1678256638409046,0.0541520046105998,0.6101694915254238,0.6101694915254238,0.5366300366300366,1.1666666666666667,1218.75,14625,32,12,2,0.25,12
16.970453043550297,0.6361514499216312,0.6811291223343434,3.860391706184356,-0.9627863399396756,0.1764404169771614,0.1684996400535838,0.054206217746492,0.6117103235747303,0.6117103235747303,0.5384615384615384,1.1666666666666667,4485.416666666667,53825,64,12,2,0.25,12
23.43772574033578,0.6361514499216312,0.6890024885805608,3.8589364718741024,-0.9594746480811857,0.1785472483422213,0.1701765959308822,0.0547250560580886,0.6117103235747303,0.6117103235747303,0.5384615384615384,1.1666666666666667,17162.75,205953,128,12,2,0.25,12
13.374329144546472,0.6724513096819877,0.5411685833101887,3.172850694433992,-0.5911584529287262,0.1705622594405528,0.0927145229347957,0.0245141115398152,0.5947521865889213,0.6375,0.5224719101123596,0.3888888888888889,406.25,14625,32,36,2,0.25,12
18.400050338314603,0.6724513096819877,0.2309815402767555,3.7834876679473495,-0.924043359559557,0.0610498990742236,-0.0076457027053481,-0.0024106184915397,0.6,0.6046875,0.5215355805243446,0.3888888888888889,1495.138888888889,53825,64,36,2,0.25,12
25.74359358817415,0.6724513096819877,0.0853632341137752,4.20186292983394,-1.202139064414021,0.0203155684845599,-0.0506993497945995,-0.0177526432057176,0.5888888888888889,0.5796875,0.5056179775280899,0.3888888888888889,5720.916666666667,205953,128,36,2,0.25,12
13.649963225563411,0.6781657446624462,0.7980824677422729,2.8531195246411136,-0.4199258279970008,0.2797227598947722,0.1579225493540953,0.0375476590786057,0.6080691642651297,0.6719745222929936,0.5421455938697318,0.2333333333333333,243.75,14625,32,60,2,0.25,12
18.95234959811625,0.6781657446624462,0.4511943892600598,3.259994623672061,-0.6691167892066059,0.1384034151417814,0.0393871289932021,0.010700152396643,0.5978915662650602,0.6321656050955414,0.5229885057471264,0.2333333333333333,897.0833333333334,53825,64,60,2,0.25,12
26.993190238726104,0.6781657446624462,0.4890684246819921,3.6233778629461377,-0.8950340100492038,0.1349758273028512,0.0744011177864004,0.0224652802638076,0.606973058637084,0.6098726114649682,0.5277777777777778,0.2333333333333333,3432.55,205953,128,60,2,0.25,12
18.464044636902504,0.6361514499216312,0.6808024873550358,3.884595900138218,-0.9784489457136594,0.1752569649087082,0.1666394484043664,0.053943909839408,0.6123076923076923,0.613251155624037,0.5393772893772893,1.1666666666666667,2626.75,31521,32,12,4,0.25,12
25.369230133200848,0.6361514499216312,0.6864855660880315,3.8764533785729145,-0.9712830941247828,0.177091144674299,0.1678559033889593,0.0542237986504616,0.6123076923076923,0.613251155624037,0.5393772893772893,1.1666666666666667,10032.083333333334,120385,64,12,4,0.25,12
35.35046508153021,0.6361514499216312,0.689812707233982,3.8697194871968943,-0.96904176359519,0.1782590984995817,0.1698219485845349,0.0547636086492769,0.6117103235747303,0.6117103235747303,0.5384615384615384,1.1666666666666667,39178.75,470145,128,12,4,0.25,12
19.137420662695373,0.6724513096819877,1.0096183743420426,2.857559516572057,-0.3617707215307149,0.3533149068241231,0.2716403296362153,0.0646857007530614,0.6168359941944848,0.6640625,0.5514981273408239,0.3888888888888889,875.5833333333334,31521,32,36,4,0.25,12
26.44801276318825,0.6724513096819877,0.5870983844217512,3.447643779759982,-0.6229186653239343,0.1702897462517499,0.1261607814672653,0.0362464527896063,0.6103896103896104,0.6609375,0.5440074906367042,0.3888888888888889,3344.027777777778,120385,64,36,4,0.25,12
37.00168269677948,0.6724513096819877,0.4910328139629915,3.754691050835684,-0.8436592939425009,0.1307784867822086,0.0901453292489856,0.0282056550838168,0.6023564064801178,0.6390625,0.5308988764044944,0.3888888888888889,13059.583333333334,470145,128,36,4,0.25,12
19.361935967365618,0.6781657446624462,0.8382193683055625,2.6313284429303585,-0.3365555445760395,0.3185536836184866,0.1920644541317591,0.0421153884193992,0.6104651162790697,0.6687898089171974,0.5440613026819924,0.2333333333333333,525.35,31521,32,60,4,0.25,12
26.780886452801862,0.6781657446624462,0.7878097348544587,3.0646081940405336,-0.470501650183976,0.2570670327079465,0.1686676723186933,0.0430750275548009,0.5985507246376811,0.6576433121019108,0.5287356321839081,0.2333333333333333,2006.4166666666667,120385,64,60,4,0.25,12
37.76911167278806,0.6781657446624462,0.5106938761590253,3.2013456687646102,-0.6224841515661099,0.1595247527131615,0.1254807773659098,0.0334756119277976,0.6020260492040521,0.6624203821656051,0.5335249042145593,0.2333333333333333,7835.75,470145,128,60,4,0.25,12
26.54857068395504,0.6361514499216312,0.6843170184669392,3.8777795312262,-0.9736901854395176,0.1764713576304194,0.1683756639438054,0.0544103085998258,0.6123076923076923,0.613251155624037,0.5393772893772893,1.1666666666666667,5442.75,65313,32,12,8,0.25,12
36.73772252679403,0.6361514499216312,0.6780426033997828,3.869559348044151,-0.9693489485862364,0.1752247587939169,0.1671633705289624,0.0539040485900762,0.6123076923076923,0.613251155624037,0.5393772893772893,1.1666666666666667,21125.416666666668,253505,64,12,8,0.25,12
51.395668234491666,0.6361514499216312,0.6775035179577992,3.865395218781331,-0.9660205244300872,0.1752740611531568,0.1670057206983239,0.0537952595247026,0.6117103235747303,0.6117103235747303,0.5384615384615384,1.1666666666666667,83210.75,998529,128,12,8,0.25,12
27.566308075014007,0.6724513096819877,1.1573893078003503,2.2938722479745426,-0.1868532144702444,0.5045570034784235,0.3125539716217678,0.0597465734581163,0.6273712737127372,0.7234375,0.5767790262172284,0.3888888888888889,1814.25,65313,32,36,8,0.25,12
38.07725802330545,0.6724513096819877,1.067964573449706,2.5553296143722752,-0.26169262567695,0.4179361313871262,0.2824377912879166,0.060143471024659,0.6312154696132597,0.7140625,0.5786516853932584,0.3888888888888889,7041.805555555556,253505,64,36,8,0.25,12
53.20215907165456,0.6724513096819877,0.9411464460317394,2.564371154523134,-0.2881121093611065,0.3670086696973292,0.2663871574759546,0.0569262952138957,0.6238030095759234,0.7125,0.5702247191011236,0.3888888888888889,27736.916666666668,998529,128,36,8,0.25,12
27.986074739125513,0.6781657446624462,0.565141359596616,2.0868209253678036,-0.2421219223779145,0.2708144971744566,0.0149929216708248,0.0026072952229231,0.5922865013774105,0.6847133757961783,0.5268199233716475,0.2333333333333333,1088.55,65313,32,60,8,0.25,12
38.439733994168925,0.6781657446624462,0.6249179859106989,2.163460500614131,-0.2531123173223022,0.2888511187208208,0.0404151288940651,0.0072863779157949,0.6040268456375839,0.7165605095541401,0.5469348659003831,0.2333333333333333,4225.083333333333,253505,64,60,8,0.25,12
53.78689633986858,0.6781657446624462,0.5777225494405823,2.2806983969171,-0.2784630026216661,0.2533094907338515,0.0310509766878078,0.0059014927295494,0.6046195652173914,0.7085987261146497,0.5459770114942529,0.2333333333333333,16642.15,998529,128,60,8,0.25,12
8.193454639343894,0.6361514499216312,0.6509501056193117,3.7393226213500337,-0.901680108660924,0.1740823597040403,0.1622623139178657,0.0505625950854729,0.6076923076923076,0.6086286594761171,0.5338827838827839,1.1666666666666667,514.75,6177,32,12,1,0.5,12
10.535181292052656,0.6361514499216312,0.6891601037052952,3.7705559462198472,-0.9071216087074404,0.1827741355744129,0.1745780852014105,0.0548547031029878,0.613251155624037,0.613251155624037,0.5402930402930403,1.1666666666666667,1712.0833333333333,20545,64,12,1,0.5,12
14.123680144770184,0.6361514499216312,0.6782907296847488,3.769256052786808,-0.9058507308319266,0.1799534762790267,0.1713497888107855,0.0538217690515662,0.6101694915254238,0.6101694915254238,0.5366300366300366,1.1666666666666667,6154.75,73857,128,12,1,0.5,12
9.409365237262602,0.6724513096819877,0.5357458825682399,3.2103298015572737,-0.6320768721620253,0.1668818830726859,0.0929137006813261,0.0248569685225194,0.6039453717754173,0.621875,0.5290262172284644,0.3888888888888889,171.58333333333334,6177,32,36,1,0.5,12
12.567358586654471,0.6724513096819877,0.2864392745519029,4.025593179483266,-1.0882925915028645,0.0711545508402989,0.0181490746317748,0.0060883992543004,0.6015748031496063,0.596875,0.5215355805243446,0.3888888888888889,570.6944444444445,20545,64,36,1,0.5,12
16.890501937271264,0.6724513096819877,0.5216663224732931,4.53686294837355,-1.3926199923529712,0.1149839279717075,0.0654352282798632,0.024739221891773,0.6061588330632091,0.584375,0.5234082397003745,0.3888888888888889,2051.5833333333335,73857,128,36,1,0.5,12
9.47135034404551,0.6781657446624462,0.7262776768145819,2.684297735112412,-0.38820065819521,0.2705652459167936,0.146677223760809,0.032810444961143,0.6075581395348837,0.6656050955414012,0.5402298850574713,0.2333333333333333,102.95,6177,32,60,1,0.5,12
12.772691044647813,0.6781657446624462,0.6806379841172621,3.219303754076594,-0.6341689829418715,0.2114239711786663,0.1023970229843593,0.0274705933749846,0.617737003058104,0.643312101910828,0.5459770114942529,0.2333333333333333,342.4166666666667,20545,64,60,1,0.5,12
17.663905229169327,0.6781657446624462,0.4679683326415934,3.802620549662088,-0.9485704781807484,0.1230646935527601,0.0365417207030156,0.0115795248387749,0.6060606060606061,0.6050955414012739,0.5258620689655172,0.2333333333333333,1230.95,73857,128,60,1,0.5,12
12.55771932859573,0.6361514499216312,0.6971126170570205,3.9212893499985793,-0.9957834986088024,0.1777763778276839,0.168049954770448,0.0549143748257584,0.6113671274961597,0.613251155624037,0.5384615384615384,1.1666666666666667,1218.75,14625,32,12,2,0.5,12
16.96233051952794,0.6361514499216312,0.6822028439224467,3.9006501271163394,-0.9856592244879234,0.1748946513249019,0.1659809179400208,0.0539527907218023,0.6114551083591331,0.6086286594761171,0.5375457875457875,1.1666666666666667,4485.416666666667,53825,64,12,2,0.5,12
23.43744958342684,0.6361514499216312,0.6826349236006473,3.889279765299515,-0.9735359300507628,0.175517053232111,0.1668952749602192,0.0540918679855732,0.6111111111111112,0.6101694915254238,0.5375457875457875,1.1666666666666667,17162.75,205953,128,12,2,0.5,12
13.116876251985952,0.6724513096819877,0.6935303200379964,2.831106035875444,-0.4300308811131275,0.2449679776206406,0.1540626723897018,0.0363473134754655,0.6022727272727273,0.6625,0.5355805243445693,0.3888888888888889,406.25,14625,32,36,2,0.5,12
18.01584681889962,0.6724513096819877,0.4228137545382757,3.56418021522216,-0.7664063927686864,0.1186286127543416,0.0682525476971203,0.0202720316783819,0.6014814814814815,0.634375,0.5290262172284644,0.3888888888888889,1495.138888888889,53825,64,36,2,0.5,12
25.27475968627003,0.6724513096819877,0.0731197640181252,4.076402226890571,-1.0733522460049487,0.0179373280526097,-0.0561385298587319,-0.0190702690108748,0.5856269113149847,0.5984375,0.5056179775280899,0.3888888888888889,5720.916666666667,205953,128,36,2,0.5,12
13.397542115677966,0.6781657446624462,0.8336417316671867,2.6538451646626577,-0.3492397130046705,0.3141259869895818,0.196625651095577,0.0434845027840536,0.6076487252124646,0.6831210191082803,0.5440613026819924,0.2333333333333333,243.75,14625,32,60,2,0.5,12
18.52224117281413,0.6781657446624462,0.6544526237053134,3.0882993158555405,-0.5284215022726733,0.2119135992891973,0.1220851566209856,0.0314196254723921,0.592375366568915,0.643312101910828,0.5191570881226054,0.2333333333333333,897.0833333333334,53825,64,60,2,0.5,12
26.4119888296775,0.6781657446624462,0.5093584357686218,3.644830548868725,-0.8087014963973866,0.13974818004275,0.0773791813825199,0.0235028336791219,0.6,0.6114649681528662,0.5210727969348659,0.2333333333333333,3432.55,205953,128,60,2,0.5,12
18.431869075467155,0.6361514499216312,0.697746541727889,3.942517523019308,-1.0079151752075783,0.1769799468623622,0.1682402872165744,0.0552741900357621,0.6107692307692307,0.6117103235747303,0.5375457875457875,1.1666666666666667,2626.75,31521,32,12,4,0.5,12
25.34738141730577,0.6361514499216312,0.6991326413043041,3.91710385444736,-0.994319199991902,0.1784820283767892,0.1698723976629851,0.0554506519708244,0.613251155624037,0.613251155624037,0.5402930402930403,1.1666666666666667,10032.083333333334,120385,64,12,4,0.5,12
35.35177314436693,0.6361514499216312,0.689926585513253,3.901651915936306,-0.9854675495730792,0.1768293534067573,0.1681782685503492,0.05468108864236,0.6113671274961597,0.613251155624037,0.5384615384615384,1.1666666666666667,39178.75,470145,128,12,4,0.5,12
18.920916875563503,0.6724513096819877,1.0042801246640876,2.684972944879932,-0.3087984352976543,0.3740373349307613,0.2772071652135343,0.0620244782271001,0.6149584487534626,0.69375,0.5561797752808989,0.3888888888888889,875.5833333333334,31521,32,36,4,0.5,12
26.197328293871323,0.6724513096819877,0.5779397918016657,3.3299855887343424,-0.5571496500908977,0.1735562441341761,0.11977114144223,0.0332363479124074,0.6131386861313869,0.65625,0.545880149812734,0.3888888888888889,3344.027777777778,120385,64,36,4,0.5,12
36.75090090873802,0.6724513096819877,0.2000827133140512,3.731596026106907,-0.8023382399577281,0.0536185353168556,0.0259783999663917,0.0080784078399336,0.6008836524300442,0.6375,0.5290262172284644,0.3888888888888889,13059.583333333334,470145,128,36,4,0.5,12
19.236706171050333,0.6781657446624462,0.8577040823026271,2.5292167557878193,-0.3282437802189675,0.339118456470712,0.1922326314927043,0.040516499381711,0.6078147612156295,0.6687898089171974,0.5411877394636015,0.2333333333333333,525.35,31521,32,60,4,0.5,12
26.58420654997432,0.6781657446624462,0.8556503514183267,2.909545560953985,-0.442672299886848,0.294083846941986,0.2016763624710498,0.0488988804314158,0.6111111111111112,0.6656050955414012,0.5440613026819924,0.2333333333333333,2006.4166666666667,120385,64,60,4,0.5,12
37.56888449867113,0.6781657446624462,0.6575096089181822,3.203779737562066,-0.5546967246579337,0.2052293424573931,0.1345167343533085,0.0359134989903457,0.6106194690265486,0.6592356687898089,0.5421455938697318,0.2333333333333333,7835.75,470145,128,60,4,0.5,12
26.476506738046837,0.6361514499216312,0.6954846721943343,3.929531164457721,-1.003173796364781,0.1769892241814837,0.1682082296569489,0.0550816233796035,0.613251155624037,0.613251155624037,0.5402930402930403,1.1666666666666667,5442.75,65313,32,12,8,0.5,12
36.69497427352725,0.6361514499216312,0.700649693745294,3.90466204063768,-0.9865345862978196,0.1794392668183055,0.1706586751311159,0.0555303708908321,0.6126543209876543,0.6117103235747303,0.5393772893772893,1.1666666666666667,21125.416666666668,253505,64,12,8,0.5,12
51.399390234530664,0.6361514499216312,0.6888327368268452,3.8830931549129137,-0.9747345124501814,0.1773927921238072,0.1694878517441428,0.0548447597457146,0.6123076923076923,0.613251155624037,0.5393772893772893,1.1666666666666667,83210.75,998529,128,12,8,0.5,12
27.22277583816907,0.6724513096819877,0.976822444716852,2.1742717382814765,-0.164178569031931,0.4492641961528337,0.214771220514936,0.0389142495801536,0.6102564102564103,0.74375,0.5617977528089888,0.3888888888888889,1814.25,65313,32,36,8,0.5,12
37.95266294645498,0.6724513096819877,1.0220475439083174,2.480618549485441,-0.2575685383846458,0.4120131828089097,0.245366500827413,0.0507217244479012,0.6179310344827587,0.7,0.5608614232209738,0.3888888888888889,7041.805555555556,253505,64,36,8,0.5,12
53.228312564007005,0.6724513096819877,0.9119405345554656,2.4204674102577073,-0.2799670998819807,0.3767621620067056,0.2150006274466138,0.0433668343266239,0.6251728907330567,0.70625,0.5702247191011236,0.3888888888888889,27736.916666666668,998529,128,36,8,0.5,12
27.90106669349461,0.6781657446624462,0.779379438129123,2.146170318785557,-0.2219067688816944,0.3631489222021049,0.1041590408974343,0.018628586833937,0.5983493810178817,0.6926751592356688,0.5354406130268199,0.2333333333333333,1088.55,65313,32,60,8,0.5,12
38.449606754309656,0.6781657446624462,0.730869733657135,2.2801349507698108,-0.2377331280504464,0.3205379284284825,0.0953404934463155,0.0181157659442153,0.5970350404312669,0.7054140127388535,0.5363984674329502,0.2333333333333333,4225.083333333333,253505,64,60,8,0.5,12
54.06050426946818,0.6781657446624462,0.6843124744139839,2.330754246626511,-0.2635565316369195,0.293601298980553,0.0645970430722817,0.0125466527050196,0.5970350404312669,0.7054140127388535,0.5363984674329502,0.2333333333333333,16642.15,998529,128,60,8,0.5,12
